exchange,tradingsymbol
NSE,20MICRONS
NSE,360ONE
NSE,3MINDIA
NSE,5PAISA
NSE,63MOONS
NSE,AADHARHFC
NSE,AARTIDRUGS
NSE,AARTIIND
NSE,AARTIPHARM
NSE,AAVAS
NSE,ABB
NSE,ABBOTINDIA
NSE,ABCAPITAL
NSE,ABDL
NSE,ABFRL
NSE,ABLBL
NSE,ABREL
NSE,ABSLAMC
NSE,ABSLBANETF
NSE,ACC
NSE,ACCELYA
NSE,ACE
NSE,ACI
NSE,ACMESOLAR
NSE,ACUTAAS
NSE,ADANIENSOL
NSE,ADANIENT
NSE,ADANIGREEN
NSE,ADANIPORTS
NSE,ADANIPOWER
NSE,ADFFOODS
NSE,ADOR
NSE,ADSL
NSE,ADVAIT
NSE,ADVANCE
NSE,ADVENTHTL
NSE,ADVENZYMES
NSE,AEGISLOG
NSE,AEGISVOPAK
NSE,AEROENTER
NSE,AEROFLEX
NSE,AETHER
NSE,AFCONS
NSE,AFFLE
NSE,AFFORDABLE
NSE,AGARIND
NSE,AGARWALEYE
NSE,AGI
NSE,AGIIL
NSE,AHLUCONT
NSE,AIAENG
NSE,AIIL
NSE,AJANTPHARM
NSE,AJAXENGG
NSE,AJMERA
NSE,AKUMS
NSE,AKZOINDIA
NSE,ALEMBICLTD
NSE,ALIVUS
NSE,ALKEM
NSE,ALKYLAMINE
NSE,ALLCARGO
NSE,ALLTIME
NSE,ALOKINDS
NSE,ALPHA
NSE,AMANTA
NSE,AMBER
NSE,AMBUJACEM
NSE,ANANDRATHI
NSE,ANANTRAJ
NSE,ANDHRSUGAR
NSE,ANGELONE
NSE,ANTELOPUS
NSE,ANTHEM
NSE,ANUP
NSE,ANURAS
NSE,APARINDS
NSE,APCOTEXIND
NSE,APEX
NSE,APLAPOLLO
NSE,APLLTD
NSE,APOLLO
NSE,APOLLOHOSP
NSE,APOLLOPIPE
NSE,APOLLOTYRE
NSE,APTECHT
NSE,APTUS
NSE,ARE&M
NSE,ARIES
NSE,ARIHANTCAP
NSE,ARISINFRA
NSE,ARKADE
NSE,ARMANFIN
NSE,ARSSBL
NSE,ARTEMISMED
NSE,ARVIND
NSE,ARVINDFASN
NSE,ARVSMART
NSE,ASAHIINDIA
NSE,ASAL
NSE,ASALCBR
NSE,ASHAPURMIN
NSE,ASHIANA
NSE,ASHOKA
NSE,ASHOKLEY
NSE,ASIANENE
NSE,ASIANPAINT
NSE,ASIANTILES
NSE,ASKAUTOLTD
NSE,ASTEC
NSE,ASTERDM
NSE,ASTRAL
NSE,ASTRAMICRO
NSE,ASTRAZEN
NSE,ATGL
NSE,ATHERENERG
NSE,ATLANTAELE
NSE,ATUL
NSE,ATULAUTO
NSE,AUBANK
NSE,AURIONPRO
NSE,AUROPHARMA
NSE,AURUM
NSE,AUTOAXLES
NSE,AUTOBEES
NSE,AUTOIETF
NSE,AVALON
NSE,AVANTEL
NSE,AVANTIFEED
NSE,AVL
NSE,AWFIS
NSE,AWHCL
NSE,AWL
NSE,AXISBANK
NSE,AXISGOLD
NSE,AXISILVER
NSE,AZAD
NSE,BAJAJ-AUTO
NSE,BAJAJCON
NSE,BAJAJELEC
NSE,BAJAJFINSV
NSE,BAJAJHCARE
NSE,BAJAJHFL
NSE,BAJAJHIND
NSE,BAJAJHLDNG
NSE,BAJEL
NSE,BAJFINANCE
NSE,BALAJITELE
NSE,BALAMINES
NSE,BALKRISIND
NSE,BALMLAWRIE
NSE,BALRAMCHIN
NSE,BALUFORGE
NSE,BANARISUG
NSE,BANCOINDIA
NSE,BANDHANBNK
NSE,BANKBARODA
NSE,BANKBEES
NSE,BANKIETF
NSE,BANKINDIA
NSE,BANKNIFTY1
NSE,BANSALWIRE
NSE,BASF
NSE,BASML
NSE,BATAINDIA
NSE,BAYERCROP
NSE,BBETF0432
NSE,BBL
NSE,BBOX
NSE,BBTC
NSE,BCG
NSE,BCLIND
NSE,BDL
NSE,BECTORFOOD
NSE,BEL
NSE,BELRISE
NSE,BEML
NSE,BEPL
NSE,BERGEPAINT
NSE,BETA
NSE,BHAGCHEM
NSE,BHAGERIA
NSE,BHARATFORG
NSE,BHARATRAS
NSE,BHARATWIRE
NSE,BHARTIARTL
NSE,BHARTIHEXA
NSE,BHEL
NSE,BIKAJI
NSE,BIL
NSE,BIOCON
NSE,BIRLACORPN
NSE,BIRLANU
NSE,BLACKBUCK
NSE,BLISSGVS
NSE,BLKASHYAP
NSE,BLS
NSE,BLSE
NSE,BLUECLOUDS
NSE,BLUEDART
NSE,BLUEJET
NSE,BLUESTARCO
NSE,BLUESTONE
NSE,BMWVENTLTD
NSE,BOMDYEING
NSE,BOROLTD
NSE,BORORENEW
NSE,BOSCHLTD
NSE,BPCL
NSE,BRIGADE
NSE,BRIGHOTEL
NSE,BRITANNIA
NSE,BSE
NSE,BSLGOLDETF
NSE,BSLNIFTY
NSE,BSOFT
NSE,BYKE
NSE,CAMLINFINE
NSE,CAMPUS
NSE,CAMS
NSE,CANBK
NSE,CANFINHOME
NSE,CANHLIFE
NSE,CANTABIL
NSE,CAPACITE
NSE,CAPILLARY
NSE,CAPLIPOINT
NSE,CARBORUNIV
NSE,CARERATING
NSE,CARRARO
NSE,CARTRADE
NSE,CARYSIL
NSE,CASTROLIND
NSE,CCL
NSE,CDSL
NSE,CEATLTD
NSE,CEIGALL
NSE,CELLO
NSE,CEMPRO
NSE,CENTRALBK
NSE,CENTRUM
NSE,CENTUM
NSE,CENTURYPLY
NSE,CERA
NSE,CESC
NSE,CEWATER
NSE,CGCL
NSE,CGPOWER
NSE,CHALET
NSE,CHAMBLFERT
NSE,CHEMPLASTS
NSE,CHENNPETRO
NSE,CHOICEGOLD
NSE,CHOICEIN
NSE,CHOLAFIN
NSE,CHOLAHLDNG
NSE,CIEINDIA
NSE,CIFL
NSE,CIGNITITEC
NSE,CIPLA
NSE,CLEAN
NSE,CMSINFO
NSE,COALINDIA
NSE,COCHINSHIP
NSE,COFORGE
NSE,COHANCE
NSE,COLPAL
NSE,CONCOR
NSE,CONCORDBIO
NSE,CONFIPET
NSE,CONSUMBEES
NSE,CONTROLPR
NSE,CORDSCABLE
NSE,COROMANDEL
NSE,COSMOFIRST
NSE,CPPLUS
NSE,CPSEETF
NSE,CRAFTSMAN
NSE,CRAMC
NSE,CREDITACC
NSE,CREST
NSE,CRISIL
NSE,CRIZAC
NSE,CROMPTON
NSE,CROWN
NSE,CSBBANK
NSE,CUB
NSE,CUMMINSIND
NSE,CUPID
NSE,CYIENT
NSE,CYIENTDLM
NSE,DABUR
NSE,DALBHARAT
NSE,DALMIASUG
NSE,DAMCAPITAL
NSE,DATAMATICS
NSE,DATAPATTNS
NSE,DBCORP
NSE,DBL
NSE,DBOL
NSE,DBREALTY
NSE,DCAL
NSE,DCBBANK
NSE,DCMSHRIRAM
NSE,DCMSRIND
NSE,DCW
NSE,DCXINDIA
NSE,DDEVPLSTIK
NSE,DECCANCE
NSE,DECNGOLD
NSE,DEEDEV
NSE,DEEPAKFERT
NSE,DEEPAKNTR
NSE,DEEPINDS
NSE,DELHIVERY
NSE,DELPHIFX
NSE,DELTACORP
NSE,DEN
NSE,DENTA
NSE,DEVYANI
NSE,DHAMPURSUG
NSE,DHANBANK
NSE,DHANUKA
NSE,DHARMAJ
NSE,DIACABS
NSE,DIAMONDYD
NSE,DIFFNKG
NSE,DIGITIDE
NSE,DIVISLAB
NSE,DIXON
NSE,DJML
NSE,DLF
NSE,DLINKINDIA
NSE,DMART
NSE,DODLA
NSE,DOLATALGO
NSE,DOLLAR
NSE,DOMS
NSE,DONEAR
NSE,DPABHUSHAN
NSE,DRAGARWQ
NSE,DREAMFOLKS
NSE,DREDGECORP
NSE,DRREDDY
NSE,DSSL
NSE,DWARKESH
NSE,DYCL
NSE,DYNAMATECH
NSE,E2E
NSE,EASEMYTRIP
NSE,EBBETF0430
NSE,EBBETF0431
NSE,EBBETF0433
NSE,EBGNG
NSE,ECLERX
NSE,ECOSMOBLTY
NSE,EDELWEISS
NSE,EFCIL
NSE,EICHERMOT
NSE,EIDPARRY
NSE,EIEL
NSE,EIHAHOTELS
NSE,EIHOTEL
NSE,EIMCOELECO
NSE,EKC
NSE,ELECON
NSE,ELECTCAST
NSE,ELECTHERM
NSE,ELGIEQUIP
NSE,ELIN
NSE,ELLEN
NSE,EMAMILTD
NSE,EMBDL
NSE,EMCURE
NSE,EMIL
NSE,EMMVEE
NSE,EMSLIMITED
NSE,EMUDHRA
NSE,ENDURANCE
NSE,ENGINERSIN
NSE,ENRIN
NSE,ENTERO
NSE,EPACK
NSE,EPACKPEB
NSE,EPIGRAL
NSE,EPL
NSE,EQUAL50ADD
NSE,EQUITASBNK
NSE,ERIS
NSE,ESABINDIA
NSE,ESCORTS
NSE,ESILVER
NSE,ESTER
NSE,ETERNAL
NSE,ETHOSLTD
NSE,EUREKAFORB
NSE,EUROPRATIK
NSE,EVEREADY
NSE,EXCELSOFT
NSE,EXICOM
NSE,EXIDEIND
NSE,EXPLEOSOL
NSE,FABTECH
NSE,FACT
NSE,FAIRCHEMOR
NSE,FAZE3Q
NSE,FCL
NSE,FDC
NSE,FEDDERSHOL
NSE,FEDERALBNK
NSE,FEDFINA
NSE,FIEMIND
NSE,FILATEX
NSE,FINCABLES
NSE,FINEORG
NSE,FINIETF
NSE,FINOPB
NSE,FINPIPE
NSE,FIRSTCRY
NSE,FISCHER
NSE,FIVESTAR
NSE,FLAIR
NSE,FLUOROCHEM
NSE,FMCGIETF
NSE,FMGOETZE
NSE,FORCEMOT
NSE,FORTIS
NSE,FOSECOIND
NSE,FRONTSP
NSE,FSL
NSE,FUSION
NSE,GABRIEL
NSE,GAEL
NSE,GAIL
NSE,GALAXYSURF
NSE,GALLANTT
NSE,GANDHAR
NSE,GANECOS
NSE,GANESHBE
NSE,GANESHCP
NSE,GANESHHOU
NSE,GARFIBRES
NSE,GARUDA
NSE,GATEWAY
NSE,GEMAROMA
NSE,GENCON
NSE,GENESYS
NSE,GENUSPOWER
NSE,GEOJITFSL
NSE,GESHIP
NSE,GHCL
NSE,GICHSGFIN
NSE,GICRE
NSE,GILLETTE
NSE,GIPCL
NSE,GKENERGY
NSE,GLAND
NSE,GLAXO
NSE,GLENMARK
NSE,GLOBECIVIL
NSE,GLOBUSSPR
NSE,GLOTTIS
NSE,GMBREW
NSE,GMDCLTD
NSE,GMMPFAUDLR
NSE,GMRAIRPORT
NSE,GMRP&UI
NSE,GNA
NSE,GNFC
NSE,GOCLCORP
NSE,GOCOLORS
NSE,GODAVARIB
NSE,GODFRYPHLP
NSE,GODIGIT
NSE,GODREJAGRO
NSE,GODREJCP
NSE,GODREJIND
NSE,GODREJPROP
NSE,GOKEX
NSE,GOKULAGRO
NSE,GOLD1
NSE,GOLDBEES
NSE,GOLDCASE
NSE,GOLDETF
NSE,GOLDETFADD
NSE,GOLDIAM
NSE,GOLDIETF
NSE,GOLDSHARE
NSE,GOODLUCK
NSE,GOPAL
NSE,GPIL
NSE,GPPL
NSE,GPTHEALTH
NSE,GPTINFRA
NSE,GRANULES
NSE,GRAPHITE
NSE,GRASIM
NSE,GRAVITA
NSE,GREAVESCOT
NSE,GREENLAM
NSE,GREENPANEL
NSE,GREENPLY
NSE,GREENPOWER
NSE,GRINDWELL
NSE,GRINFRA
NSE,GRMOVER
NSE,GROWW
NSE,GROWWDEFNC
NSE,GROWWGOLD
NSE,GROWWSLVR
NSE,GRPLTD
NSE,GRSE
NSE,GRWRHITECH
NSE,GSFC
NSE,GSPL
NSE,GUFICBIO
NSE,GUJALKALI
NSE,GUJGASLTD
NSE,GUJTHEM
NSE,GULFOILLUB
NSE,GVPIL
NSE,GVT&D
NSE,HAL
NSE,HAPPSTMNDS
NSE,HAPPYFORGE
NSE,HARDWYN
NSE,HARIOMPIPE
NSE,HARSHA
NSE,HATHWAY
NSE,HATSUN
NSE,HAVELLS
NSE,HBLENGINE
NSE,HCC
NSE,HCG
NSE,HCLTECH
NSE,HDBFS
NSE,HDFCAMC
NSE,HDFCBANK
NSE,HDFCGOLD
NSE,HDFCLIFE
NSE,HDFCNIFBAN
NSE,HDFCNIFTY
NSE,HDFCSENSEX
NSE,HDFCSILVER
NSE,HDFCSML250
NSE,HEG
NSE,HEIDELBERG
NSE,HEMIPROP
NSE,HERITGFOOD
NSE,HEROMOTOCO
NSE,HEXT
NSE,HFCL
NSE,HGINFRA
NSE,HIKAL
NSE,HILINFRA
NSE,HIMATSEIDE
NSE,HINDALCO
NSE,HINDCOPPER
NSE,HINDOILEXP
NSE,HINDPETRO
NSE,HINDUNILVR
NSE,HINDWAREAP
NSE,HINDZINC
NSE,HIRECT
NSE,HITECH
NSE,HLEGLAS
NSE,HMAAGRO
NSE,HNDFDS
NSE,HOMEFIRST
NSE,HONASA
NSE,HONAUT
NSE,HONDAPOWER
NSE,HPL
NSE,HSCL
NSE,HUBTOWN
NSE,HUDCO
NSE,HUHTAMAKI
NSE,HYUNDAI
NSE,ICICIB22
NSE,ICICIBANK
NSE,ICICIGI
NSE,ICICIPRULI
NSE,ICIL
NSE,ICRA
NSE,IDBI
NSE,IDEA
NSE,IDEAFORGE
NSE,IDFCFIRSTB
NSE,IEX
NSE,IFBIND
NSE,IFCI
NSE,IGARASHI
NSE,IGCL
NSE,IGIL
NSE,IGL
NSE,IIFL
NSE,IIFLCAPS
NSE,IKS
NSE,IMAGICAA
NSE,IMFA
NSE,INDGN
NSE,INDHOTEL
NSE,INDIACEM
NSE,INDIAGLYCO
NSE,INDIAMART
NSE,INDIANB
NSE,INDIANHUME
NSE,INDIASHLTR
NSE,INDIGO
NSE,INDIGOPNTS
NSE,INDIQUBE
NSE,INDNIPPON
NSE,INDOCO
NSE,INDOFARM
NSE,INDORAMA
NSE,INDOSTAR
NSE,INDOTECH
NSE,INDOWIND
NSE,INDRAMEDCO
NSE,INDUSINDBK
NSE,INDUSTOWER
NSE,INFIBEAM
NSE,INFRAIETF
NSE,INFY
NSE,INGERRAND
NSE,INNOVACAP
NSE,INOXGREEN
NSE,INOXINDIA
NSE,INOXWIND
NSE,INSECTICID
NSE,INTELLECT
NSE,INTERARCH
NSE,IOB
NSE,IOC
NSE,IOLCP
NSE,IONEXCHANG
NSE,IPCALAB
NSE,IPL
NSE,IRB
NSE,IRCON
NSE,IRCTC
NSE,IREDA
NSE,IRFC
NSE,IRISDOREME
NSE,IRMENERGY
NSE,ISGEC
NSE,ITBEES
NSE,ITC
NSE,ITCHOTELS
NSE,ITDC
NSE,ITETF
NSE,ITI
NSE,ITIETF
NSE,IVALUE
NSE,IXIGO
NSE,J&KBANK
NSE,JAGSNPHARM
NSE,JAIBALAJI
NSE,JAICORPLTD
NSE,JAINREC
NSE,JAMNAAUTO
NSE,JARO
NSE,JASH
NSE,JAYKAY
NSE,JAYNECOIND
NSE,JBCHEPHARM
NSE,JBMA
NSE,JCHAC
NSE,JGCHEM
NSE,JINDALPHOT
NSE,JINDALPOLY
NSE,JINDALSAW
NSE,JINDALSTEL
NSE,JINDRILL
NSE,JINDWORLD
NSE,JIOFIN
NSE,JISLJALEQS
NSE,JKCEMENT
NSE,JKIL
NSE,JKIPL
NSE,JKLAKSHMI
NSE,JKPAPER
NSE,JKTYRE
NSE,JLHL
NSE,JMFINANCIL
NSE,JNKINDIA
NSE,JPOLYINVST
NSE,JPPOWER
NSE,JSFB
NSE,JSL
NSE,JSLL
NSE,JSWCEMENT
NSE,JSWENERGY
NSE,JSWHL
NSE,JSWINFRA
NSE,JSWSTEEL
NSE,JTEKTINDIA
NSE,JTLIND
NSE,JUBLFOOD
NSE,JUBLINGREA
NSE,JUBLPHARMA
NSE,JUNIORBEES
NSE,JUNIPER
NSE,JUSTDIAL
NSE,JWL
NSE,JYOTHYLAB
NSE,JYOTICNC
NSE,JYOTIRES
NSE,JYOTISTRUC
NSE,KAJARIACER
NSE,KALAMANDIR
NSE,KALPATARU
NSE,KALYANKJIL
NSE,KAMATHOTEL
NSE,KAMDHENU
NSE,KANSAINER
NSE,KAPSTON
NSE,KARURVYSYA
NSE,KAYNES
NSE,KCP
NSE,KDDL
NSE,KEC
NSE,KECL
NSE,KEI
NSE,KELLTONTEC
NSE,KENNAMET
NSE,KERNEX
NSE,KFINTECH
NSE,KHAICHEM
NSE,KICL
NSE,KILITCH
NSE,KIMS
NSE,KIOCL
NSE,KIRIINDUS
NSE,KIRLFER
NSE,KIRLOSBROS
NSE,KIRLOSENG
NSE,KIRLOSIND
NSE,KIRLPNU
NSE,KITEX
NSE,KKCL
NSE,KLBRENG-B
NSE,KMEW
NSE,KNRCON
NSE,KOLTEPATIL
NSE,KOPRAN
NSE,KOTAKBANK
NSE,KOVAI
NSE,KPEL
NSE,KPIGREEN
NSE,KPIL
NSE,KPITTECH
NSE,KPRMILL
NSE,KRBL
NSE,KRISHANA
NSE,KRISHIVAL
NSE,KRN
NSE,KROSS
NSE,KRSNAA
NSE,KRYSTAL
NSE,KSB
NSE,KSCL
NSE,KSL
NSE,KTKBANK
NSE,LALPATHLAB
NSE,LANDMARK
NSE,LAOPALA
NSE,LATENTVIEW
NSE,LAURUSLABS
NSE,LAXMIDENTL
NSE,LAXMIINDIA
NSE,LEMONTREE
NSE,LENSKART
NSE,LGBBROSLTD
NSE,LGEINDIA
NSE,LICHSGFIN
NSE,LICI
NSE,LICMFGOLD
NSE,LICNETFGSC
NSE,LIKHITHA
NSE,LINDEINDIA
NSE,LIQUID
NSE,LIQUIDADD
NSE,LIQUIDBEES
NSE,LIQUIDCASE
NSE,LIQUIDETF
NSE,LIQUIDIETF
NSE,LLOYDSENGG
NSE,LLOYDSENT
NSE,LLOYDSME
NSE,LMW
NSE,LODHA
NSE,LOKESHMACH
NSE,LOTUSDEV
NSE,LOWVOLIETF
NSE,LT
NSE,LTF
NSE,LTFOODS
NSE,LTIM
NSE,LTTS
NSE,LUMAXIND
NSE,LUMAXTECH
NSE,LUPIN
NSE,LUXIND
NSE,LXCHEM
NSE,M&M
NSE,M&MFIN
NSE,MAANALU
NSE,MACPOWER
NSE,MAFANG
NSE,MAHABANK
NSE,MAHLIFE
NSE,MAHLOG
NSE,MAHSCOOTER
NSE,MAHSEAMLES
NSE,MAITHANALL
NSE,MAMATA
NSE,MANAKCOAT
NSE,MANALIPETC
NSE,MANAPPURAM
NSE,MANBA
NSE,MANCREDIT
NSE,MANGLMCEM
NSE,MANINDS
NSE,MANINFRA
NSE,MANKIND
NSE,MANORAMA
NSE,MANYAVAR
NSE,MAPMYINDIA
NSE,MARATHON
NSE,MARICO
NSE,MARINE
NSE,MARKOLINES
NSE,MARKSANS
NSE,MARUTI
NSE,MASFIN
NSE,MASTEK
NSE,MASTERTR
NSE,MAXESTATES
NSE,MAXHEALTH
NSE,MAYURUNIQ
NSE,MAZDOCK
NSE,MBAPL
NSE,MBEL
NSE,MCX
NSE,MEDANTA
NSE,MEDIASSIST
NSE,MEDICAMEQ
NSE,MEDPLUS
NSE,MEIL
NSE,MERCURYEV
NSE,METAL
NSE,METALIETF
NSE,METROBRAND
NSE,METROPOLIS
NSE,MFSL
NSE,MGEL
NSE,MGL
NSE,MHRIL
NSE,MID150BEES
NSE,MID150CASE
NSE,MIDCAPETF
NSE,MIDCAPIETF
NSE,MIDHANI
NSE,MIDWESTLTD
NSE,MINDACORP
NSE,MIRZAINT
NSE,MMFL
NSE,MMTC
NSE,MOBIKWIK
NSE,MODEFENCE
NSE,MOGOLD
NSE,MOIL
NSE,MOKSH
NSE,MOL
NSE,MOLDTKPAC
NSE,MOM100
NSE,MOM30IETF
NSE,MOMENTUM50
NSE,MON100
NSE,MONARCH
NSE,MONIFTY500
NSE,MONTECARLO
NSE,MOREALTY
NSE,MOREPENLAB
NSE,MOSCHIP
NSE,MOSILVER
NSE,MOSMALL250
NSE,MOTHERSON
NSE,MOTILALOFS
NSE,MOTISONS
NSE,MPHASIS
NSE,MPSLTD
NSE,MRF
NSE,MRPL
NSE,MSPL
NSE,MSTCLTD
NSE,MSUMI
NSE,MTARTECH
NSE,MTNL
NSE,MUFIN
NSE,MUKANDLTD
NSE,MUKKA
NSE,MUNJALAU
NSE,MUTHOOTFIN
NSE,MUTHOOTMF
NSE,MWL
NSE,NAM-INDIA
NSE,NATCOPHARM
NSE,NATIONALUM
NSE,NAUKRI
NSE,NAVA
NSE,NAVINFLUOR
NSE,NAVKARCORP
NSE,NAVNETEDUL
NSE,NAZARA
NSE,NBCC
NSE,NCC
NSE,NDRAUTO
NSE,NELCAST
NSE,NELCO
NSE,NEOGEN
NSE,NESCO
NSE,NESTLEIND
NSE,NETWEB
NSE,NETWORK18
NSE,NEULANDLAB
NSE,NEWGEN
NSE,NEXT50
NSE,NEXT50IETF
NSE,NFL
NSE,NH
NSE,NHPC
NSE,NIACL
NSE,NIFTY1
NSE,NIFTYBEES
NSE,NIFTYETF
NSE,NIFTYIETF
NSE,NIITLTD
NSE,NIITMTS
NSE,NITCO
NSE,NITINSPIN
NSE,NIVABUPA
NSE,NLCINDIA
NSE,NMDC
NSE,NOCIL
NSE,NORTHARC
NSE,NPST
NSE,NRBBEARING
NSE,NSDL
NSE,NSIL
NSE,NSLNISP
NSE,NTPC
NSE,NTPCGREEN
NSE,NUCLEUS
NSE,NUVAMA
NSE,NUVOCO
NSE,NYKAA
NSE,OBEROIRLTY
NSE,OFSS
NSE,OIL
NSE,OILIETF
NSE,OLECTRA
NSE,OMAXE
NSE,ONEPOINT
NSE,ONESOURCE
NSE,ONGC
NSE,ONMOBILE
NSE,ONWARDTEC
NSE,OPTIEMUS
NSE,ORCHPHARMA
NSE,ORIENTCEM
NSE,ORIENTELEC
NSE,ORIENTHOT
NSE,ORIENTTECH
NSE,ORISSAMINE
NSE,ORKLAINDIA
NSE,OSWALPUMPS
NSE,PACEDIGITK
NSE,PAGEIND
NSE,PAISALO
NSE,PAKKA
NSE,PANACEABIO
NSE,PANAMAPET
NSE,PARACABLES
NSE,PARADEEP
NSE,PARAGMILK
NSE,PARAS
NSE,PARKHOTELS
NSE,PATANJALI
NSE,PATELENG
NSE,PATELRMART
NSE,PAUSHAKLTD
NSE,PAYTM
NSE,PCBL
NSE,PCJEWELLER
NSE,PDSL
NSE,PENIND
NSE,PENINLAND
NSE,PERSISTENT
NSE,PETRONET
NSE,PFC
NSE,PFIZER
NSE,PFOCUS
NSE,PFS
NSE,PGEL
NSE,PGHH
NSE,PGHL
NSE,PGIL
NSE,PHARMABEES
NSE,PHOENIXLTD
NSE,PICCADIL
NSE,PIDILITIND
NSE,PIIND
NSE,PILANIINVS
NSE,PINELABS
NSE,PIRAMALFIN
NSE,PITTIENG
NSE,PIXTRANS
NSE,PLATIND
NSE,PNB
NSE,PNBGILTS
NSE,PNBHOUSING
NSE,PNCINFRA
NSE,PNGJL
NSE,POCL
NSE,POKARNA
NSE,POLICYBZR
NSE,POLYCAB
NSE,POLYMED
NSE,POLYPLEX
NSE,POONAWALLA
NSE,POWERGRID
NSE,POWERINDIA
NSE,POWERMECH
NSE,PPL
NSE,PPLPHARMA
NSE,PRABHA
NSE,PRAJIND
NSE,PRAKASH
NSE,PRAVEG
NSE,PRECAM
NSE,PRECWIRE
NSE,PREMEXPLN
NSE,PREMIERENE
NSE,PREMIERPOL
NSE,PRESTIGE
NSE,PRICOLLTD
NSE,PRIMESECU
NSE,PRIMO
NSE,PRINCEPIPE
NSE,PRIVISCL
NSE,PROSTARM
NSE,PROTEAN
NSE,PRSMJOHNSN
NSE,PRUDENT
NSE,PSB
NSE,PSPPROJECT
NSE,PSUBANK
NSE,PSUBNKBEES
NSE,PTC
NSE,PTCIL
NSE,PUNJABCHEM
NSE,PURVA
NSE,PVRINOX
NSE,PVTBANIETF
NSE,PVTBANKADD
NSE,PWL
NSE,QGOLDHALF
NSE,QPOWER
NSE,QUADFUTURE
NSE,QUESS
NSE,QUICKHEAL
NSE,RACLGEAR
NSE,RADHIKAJWE
NSE,RADICO
NSE,RAILTEL
NSE,RAIN
NSE,RAINBOW
NSE,RAJESHEXPO
NSE,RAJOOENG
NSE,RAJRATAN
NSE,RALLIS
NSE,RAMAPHO
NSE,RAMASTEEL
NSE,RAMCOCEM
NSE,RAMCOIND
NSE,RAMCOSYS
NSE,RAMKY
NSE,RAMRAT
NSE,RANEHOLDIN
NSE,RATEGAIN
NSE,RATNAMANI
NSE,RATNAVEER
NSE,RAYMOND
NSE,RAYMONDLSL
NSE,RAYMONDREL
NSE,RBA
NSE,RBLBANK
NSE,RBZJEWEL
NSE,RCF
NSE,RECLTD
NSE,REDINGTON
NSE,REDTAPE
NSE,REFEX
NSE,REGAAL
NSE,RELAXO
NSE,RELIANCE
NSE,RELIGARE
NSE,RELTD
NSE,REMSONSIND
NSE,RENUKA
NSE,REPCOHOME
NSE,REPRO
NSE,RESPONIND
NSE,RGL
NSE,RHETAN
NSE,RHIM
NSE,RICOAUTO
NSE,RIIL
NSE,RITCO
NSE,RITES
NSE,RKEC
NSE,RKFORGE
NSE,RMDRIP
NSE,RML
NSE,ROHLTD
NSE,ROLEXRINGS
NSE,ROSSARI
NSE,ROSSTECH
NSE,ROTO
NSE,ROUTE
NSE,RPEL
NSE,RPGLIFE
NSE,RPOWER
NSE,RPSGVENT
NSE,RPTECH
NSE,RRKABEL
NSE,RSYSTEMS
NSE,RTNINDIA
NSE,RTNPOWER
NSE,RUBICON
NSE,RUPA
NSE,RUSTOMJEE
NSE,RVNL
NSE,SAATVIKGL
NSE,SAFARI
NSE,SAGCEM
NSE,SAGILITY
NSE,SAIL
NSE,SAILIFE
NSE,SAKSOFT
NSE,SALASAR
NSE,SALZERELEC
NSE,SAMBHV
NSE,SAMHI
NSE,SAMMAANCAP
NSE,SANATHAN
NSE,SANDHAR
NSE,SANDUMA
NSE,SANGAMIND
NSE,SANGHIIND
NSE,SANGHVIMOV
NSE,SANOFI
NSE,SANOFICONR
NSE,SANSERA
NSE,SANSTAR
NSE,SAPPHIRE
NSE,SARDAEN
NSE,SAREGAMA
NSE,SASKEN
NSE,SATIN
NSE,SBC
NSE,SBCL
NSE,SBFC
NSE,SBICARD
NSE,SBILIFE
NSE,SBIN
NSE,SBISENSEX
NSE,SBISILVER
NSE,SCHAEFFLER
NSE,SCHAND
NSE,SCHNEIDER
NSE,SCI
NSE,SCILAL
NSE,SCODATUBES
NSE,SDBL
NSE,SDL26BEES
NSE,SEAMECLTD
NSE,SENCO
NSE,SENORES
NSE,SENSEXIETF
NSE,SEPC
NSE,SEQUENT
NSE,SERVOTECH
NSE,SETF10GILT
NSE,SETFGOLD
NSE,SETFNIF50
NSE,SETFNIFBK
NSE,SETFNN50
NSE,SFL
NSE,SGFIN
NSE,SGIL
NSE,SGLTL
NSE,SGMART
NSE,SHAILY
NSE,SHAKTIPUMP
NSE,SHALBY
NSE,SHANKARA
NSE,SHANTIGOLD
NSE,SHARDACROP
NSE,SHARDAMOTR
NSE,SHAREINDIA
NSE,SHILCTECH
NSE,SHILPAMED
NSE,SHK
NSE,SHOPERSTOP
NSE,SHREDIGCEM
NSE,SHREECEM
NSE,SHREEJISPG
NSE,SHREEPUSHK
NSE,SHRINGARMS
NSE,SHRIPISTON
NSE,SHRIRAMFIN
NSE,SHRIRAMPPS
NSE,SHYAMMETL
NSE,SIEMENS
NSE,SIGACHI
NSE,SIGNATURE
NSE,SIKA
NSE,SILVER
NSE,SILVER1
NSE,SILVERADD
NSE,SILVERAG
NSE,SILVERBEES
NSE,SILVERCASE
NSE,SILVERETF
NSE,SILVERIETF
NSE,SILVERTUC
NSE,SIMPLEXINF
NSE,SINDHUTRAD
NSE,SIRCA
NSE,SIS
NSE,SIYSIL
NSE,SJS
NSE,SJVN
NSE,SKFINDIA
NSE,SKIPPER
NSE,SKMEGGPROD
NSE,SKYGOLD
NSE,SMALLCAP
NSE,SMARTWORKS
NSE,SMLMAH
NSE,SMSPHARMA
NSE,SNOWMAN
NSE,SOBHA
NSE,SOLARA
NSE,SOLARINDS
NSE,SOLARWORLD
NSE,SOMANYCERA
NSE,SONACOMS
NSE,SONATSOFTW
NSE,SOTL
NSE,SOUTHBANK
NSE,SPAL
NSE,SPANDANA
NSE,SPARC
NSE,SPECTRUM
NSE,SPIC
NSE,SPICEJET
NSE,SPLPETRO
NSE,SPMLINFRA
NSE,SRF
NSE,SRM
NSE,SSWL
NSE,STANLEY
NSE,STAR
NSE,STARCEMENT
NSE,STARHEALTH
NSE,STEELCAS
NSE,STEL
NSE,STERTOOLS
NSE,STLNETWORK
NSE,STLTECH
NSE,STOVEKRAFT
NSE,STUDDS
NSE,STYL
NSE,STYLAMIND
NSE,STYLEBAAZA
NSE,STYRENIX
NSE,SUBEXLTD
NSE,SUBROS
NSE,SUDARSCHEM
NSE,SUDEEPPHRM
NSE,SULA
NSE,SUMICHEM
NSE,SUMMITSEC
NSE,SUNCLAY
NSE,SUNDARMFIN
NSE,SUNDRMFAST
NSE,SUNDROP
NSE,SUNFLAG
NSE,SUNPHARMA
NSE,SUNTECK
NSE,SUNTV
NSE,SUPRAJIT
NSE,SUPREMEIND
NSE,SUPRIYA
NSE,SURAJEST
NSE,SURYAROSNI
NSE,SURYODAY
NSE,SUVEN
NSE,SUZLON
NSE,SWANCORP
NSE,SWARAJENG
NSE,SWIGGY
NSE,SWSOLAR
NSE,SYMPHONY
NSE,SYNCOMF
NSE,SYNGENE
NSE,SYRMA
NSE,SYSTMTXC
NSE,TAJGVK
NSE,TALBROAUTO
NSE,TANFACIND
NSE,TANLA
NSE,TARC
NSE,TARIL
NSE,TARSONS
NSE,TASTYBITE
NSE,TATACAP
NSE,TATACHEM
NSE,TATACOMM
NSE,TATACONSUM
NSE,TATAELXSI
NSE,TATAGOLD
NSE,TATAINVEST
NSE,TATAPOWER
NSE,TATASTEEL
NSE,TATATECH
NSE,TATSILV
NSE,TATVA
NSE,TBOTEK
NSE,TBZ
NSE,TCI
NSE,TCIEXP
NSE,TCPLPACK
NSE,TCS
NSE,TDPOWERSYS
NSE,TEAMLEASE
NSE,TECHM
NSE,TECHNOE
NSE,TEGA
NSE,TEJASNET
NSE,TENNIND
NSE,TEXINFRA
NSE,TEXRAIL
NSE,TFCILTD
NSE,TGVSL
NSE,THANGAMAYL
NSE,THELEELA
NSE,THEMISMED
NSE,THERMAX
NSE,THOMASCOOK
NSE,THOMASCOTT
NSE,THYROCARE
NSE,TI
NSE,TIIL
NSE,TIINDIA
NSE,TIMETECHNO
NSE,TIMKEN
NSE,TINNARUBR
NSE,TIPSMUSIC
NSE,TIRUMALCHM
NSE,TIRUPATIFL
NSE,TITAGARH
NSE,TITAN
NSE,TMB
NSE,TMCV
NSE,TMPV
NSE,TNPETRO
NSE,TOLINS
NSE,TOP10ADD
NSE,TORNTPHARM
NSE,TORNTPOWER
NSE,TRANSRAILL
NSE,TRAVELFOOD
NSE,TRENT
NSE,TRIDENT
NSE,TRITURBINE
NSE,TRIVENI
NSE,TRUALT
NSE,TSFINV
NSE,TTKPRESTIG
NSE,TTML
NSE,TVSHLTD
NSE,TVSMOTOR
NSE,TVSSCS
NSE,TVSSRICHAK
NSE,UBL
NSE,UCOBANK
NSE,UDS
NSE,UFBL
NSE,UFLEX
NSE,UFO
NSE,UGROCAP
NSE,UJJIVANSFB
NSE,ULTRACEMCO
NSE,UNICHEMLAB
NSE,UNIECOM
NSE,UNIMECH
NSE,UNIONBANK
NSE,UNIPARTS
NSE,UNITDSPR
NSE,UNIVCABLES
NSE,UNOMINDA
NSE,UPL
NSE,URBANCO
NSE,URJA
NSE,USHAMART
NSE,UTIAMC
NSE,UTIBANKETF
NSE,UTINEXT50
NSE,UTINIFTETF
NSE,UTISENSETF
NSE,UTKARSHBNK
NSE,UTLSOLAR
NSE,V2RETAIL
NSE,VADILALIND
NSE,VAIBHAVGBL
NSE,VAKRANGEE
NSE,VARROC
NSE,VASCONEQ
NSE,VBL
NSE,VEDL
NSE,VEEDOL
NSE,VENKEYS
NSE,VENTIVE
NSE,VENUSPIPES
NSE,VERANDA
NSE,VERTOZ
NSE,VESUVIUS
NSE,VGUARD
NSE,VIJAYA
NSE,VIKRAMSOLR
NSE,VIKRAN
NSE,VIMTALABS
NSE,VINATIORGA
NSE,VINCOFE
NSE,VINDHYATEL
NSE,VIPIND
NSE,VISHNU
NSE,VLSFINANCE
NSE,VMART
NSE,VMM
NSE,VMSTMT
NSE,VOLTAMP
NSE,VOLTAS
NSE,VPRPL
NSE,VRLLOG
NSE,VSSL
NSE,VSTIND
NSE,VSTTILLERS
NSE,VTL
NSE,WAAREEENER
NSE,WAAREERTL
NSE,WABAG
NSE,WALCHANNAG
NSE,WANBURY
NSE,WCIL
NSE,WEBELSOLAR
NSE,WEL
NSE,WELCORP
NSE,WELENT
NSE,WELSPUNLIV
NSE,WENDT
NSE,WESTLIFE
NSE,WEWORK
NSE,WHEELS
NSE,WHIRLPOOL
NSE,WINDLAS
NSE,WINDMACHIN
NSE,WIPRO
NSE,WOCKPHARMA
NSE,WONDERLA
NSE,WPIL
NSE,WSTCSTPAPR
NSE,XPROINDIA
NSE,YASHO
NSE,YATHARTH
NSE,YATRA
NSE,YESBANK
NSE,ZAGGLE
NSE,ZEEL
NSE,ZEEMEDIA
NSE,ZENSARTECH
NSE,ZENTEC
NSE,ZFCVINDIA
NSE,ZOTA
NSE,ZUARI
NSE,ZUARIIND
NSE,ZYDUSLIFE
NSE,ZYDUSWELL
